Workbook
Name GV_list: #REF!
Name responses_std: 'Nộp báo cáo'!$A$3:$G$2670
Name std_list: #REF!
Name Std_responses: 'Nộp báo cáo'!$A$3:$L$2670

Sheet Sheet1
A1: THỐNG KÊ NGÂN HÀNG CÂU HỎI KIẾN TẬP
A2: STT | B2: Nhà máy | C2: Số lượng câu hỏi hiện có | F2: Xin bổ sung
C3: Tổng quan nhà máy | D3: Quy trình, công nghệ | E3: Điều kiện ATTP | F3: Tổng quan nhà máy | G3: Quy trình, công nghệ | H3: Điều kiện ATTP
A4: 1 | B4: Yakult
A5: 2 | B5: Kewpie
A6: 3 | B6: Ajinomoto Biên Hòa
A7: 4 | B7: Ajinomoto Long Thành
A8: 5 | B8: Heineken
A9: 6 | B9: Nutifood
A10: 7
A11: 8
A12: 9
G15: =30*0.75*100*3 -> 6750

Sheet Tổng 24-25
A4: DANH SÁCH SINH VIÊN KHÓA 13 THỰC HIỆN HỌC PHẦN KIẾN TẬP Năm học 2024-2025
A6: STT | B6: Mã HS-SV | C6: Họ đệm | D6: Tên | E6: Ngày sinh | F6: Lớp học | G6: GVHD | H6: Số nhà máy TQ offline do khoa tổ chức | I6: Số lần nộp báo cáo | J6: Ghi chú
A7: 1 | B7: 2022220050 | C7: Huỳnh Dĩ | D7: An | E7: 01/03/2004 | F7: 13DHDB01 | G7: Trần Chí Hải | H7: =VLOOKUP(B7,'Dữ liệu TQNM'!$B$7:$F$769,5,0) -> 3 | I7: =COUNTIF('Nộp báo cáo'!$A$3:$A$1993,'Tổng 24-25'!B7) -> 3
A8: 2 | B8: 2022220068 | C8: Nguyễn Xuân | D8: An | E8: 28/07/2004 | F8: 13DHDB01 | G8: Trần Chí Hải | H8: =VLOOKUP(B8,'Dữ liệu TQNM'!$B$7:$F$769,5,0) -> 3 | I8: =COUNTIF('Nộp báo cáo'!$A$3:$A$1993,'Tổng 24-25'!B8) -> 3
A9: 3 | B9: 2022220181 | C9: Lê Thị Vân | D9: Anh | E9: 11/01/2004 | F9: 13DHDB01 | G9: Trần Chí Hải | H9: =VLOOKUP(B9,'Dữ liệu TQNM'!$B$7:$F$769,5,0) -> 2 | I9: =COUNTIF('Nộp báo cáo'!$A$3:$A$1993,'Tổng 24-25'!B9) -> 3
A10: 4 | B10: 2022220211 | C10: Nguyễn Đức Phương | D10: Anh | E10: 20/11/1999 | F10: 13DHDB01 | G10: Trần Chí Hải | H10: =VLOOKUP(B10,'Dữ liệu TQNM'!$B$7:$F$769,5,0) -> 3 | I10: =COUNTIF('Nộp báo cáo'!$A$3:$A$1993,'Tổng 24-25'!B10) -> 3
A11: 5 | B11: 2022220170 | C11: Phạm Tuấn | D11: Anh | E11: 25/09/2004 | F11: 13DHDB01 | G11: Trần Chí Hải | H11: =VLOOKUP(B11,'Dữ liệu TQNM'!$B$7:$F$769,5,0) -> 3 | I11: =COUNTIF('Nộp báo cáo'!$A$3:$A$1993,'Tổng 24-25'!B11) -> 3
A12: 6 | B12: 2022220182 | C12: Võ Trâm | D12: Anh | E12: 07/11/2004 | F12: 13DHDB01 | G12: Trần Chí Hải | H12: =VLOOKUP(B12,'Dữ liệu TQNM'!$B$7:$F$769,5,0) -> 3 | I12: =COUNTIF('Nộp báo cáo'!$A$3:$A$1993,'Tổng 24-25'!B12) -> 3
A13: 7 | B13: 2022220199 | C13: Phan Thị Mộng | D13: Anh | E13: 08/09/2004 | F13: 13DHDB01 | G13: Trần Chí Hải | H13: =VLOOKUP(B13,'Dữ liệu TQNM'!$B$7:$F$769,5,0) -> 2 | I13: =COUNTIF('Nộp báo cáo'!$A$3:$A$1993,'Tổng 24-25'!B13) -> 4
A14: 8 | B14: 2022220464 | C14: Nguyễn Chí | D14: Cường | E14: 26/10/2003 | F14: 13DHDB01 | G14: Trần Chí Hải | H14: =VLOOKUP(B14,'Dữ liệu TQNM'!$B$7:$F$769,5,0) -> 2 | I14: =COUNTIF('Nộp báo cáo'!$A$3:$A$1993,'Tổng 24-25'!B14) -> 3
A15: 9 | B15: 2022220619 | C15: Trần Thị Ngọc | D15: Diệu | E15: 06/10/2004 | F15: 13DHDB01 | G15: Trần Chí Hải | H15: =VLOOKUP(B15,'Dữ liệu TQNM'!$B$7:$F$769,5,0) -> 2 | I15: =COUNTIF('Nộp báo cáo'!$A$3:$A$1993,'Tổng 24-25'!B15) -> 3
A16: 10 | B16: 2022220980 | C16: Lê Cung | D16: Đỉnh | E16: 18/02/2004 | F16: 13DHDB01 | G16: Trần Chí Hải | H16: =VLOOKUP(B16,'Dữ liệu TQNM'!$B$7:$F$769,5,0) -> 3 | I16: =COUNTIF('Nộp báo cáo'!$A$3:$A$1993,'Tổng 24-25'!B16) -> 3
A17: 11 | B17: 2022221018 | C17: Trịnh Minh | D17: Đức | E17: 26/04/2004 | F17: 13DHDB01 | G17: Trần Chí Hải | H17: =VLOOKUP(B17,'Dữ liệu TQNM'!$B$7:$F$769,5,0) -> 3 | I17: =COUNTIF('Nộp báo cáo'!$A$3:$A$1993,'Tổng 24-25'!B17) -> 3
A18: 12 | B18: 2022220692 | C18: Trần Trí | D18: Dũng | E18: 07/04/2004 | F18: 13DHDB01 | G18: Trần Chí Hải | H18: =VLOOKUP(B18,'Dữ liệu TQNM'!$B$7:$F$769,5,0) -> 3 | I18: =COUNTIF('Nộp báo cáo'!$A$3:$A$1993,'Tổng 24-25'!B18) -> 2
... A95: 89 | B95: 2022222714 | C95: Nguyễn Thị Diễm | D95: My | E95: 19/11/2004 | F95: 13DHDB02 | G95: Ngô Duy Anh Triết | H95: =VLOOKUP(B95,'Dữ liệu TQNM'!$B$7:$F$769,5,0) -> 2 | I95: =COUNTIF('Nộp báo cáo'!$A$3:$A$1993,'Tổng 24-25'!B95) -> 2
A96: 90 | B96: 2022222797 | C96: Hồ Nhứt | D96: Nam | E96: 24/01/2004 | F96: 13DHDB02 | G96: Ngô Duy Anh Triết | H96: =VLOOKUP(B96,'Dữ liệu TQNM'!$B$7:$F$769,5,0) -> 1 | I96: =COUNTIF('Nộp báo cáo'!$A$3:$A$1993,'Tổng 24-25'!B96) -> 2 | J96: nhà máy Heineken, có ký tên nhưng không có làm bài ktra
A97: 91 | B97: 2022222953 | C97: Phạm Thị Thanh | D97: Ngân | E97: 25/05/2004 | F97: 13DHDB02 | G97: Ngô Duy Anh Triết | H97: =VLOOKUP(B97,'Dữ liệu TQNM'!$B$7:$F$769,5,0) -> 2 | I97: =COUNTIF('Nộp báo cáo'!$A$3:$A$1993,'Tổng 24-25'!B97) -> 3
A98: 92 | B98: 2022222939 | C98: Trịnh Thị Kim | D98: Ngân | E98: 02/10/2004 | F98: 13DHDB02 | G98: Ngô Duy Anh Triết | H98: =VLOOKUP(B98,'Dữ liệu TQNM'!$B$7:$F$769,5,0) -> 3 | I98: =COUNTIF('Nộp báo cáo'!$A$3:$A$1993,'Tổng 24-25'!B98) -> 2
A99: 93 | B99: 2022222938 | C99: Võ Thanh | D99: Ngân | E99: 30/03/2004 | F99: 13DHDB02 | G99: Ngô Duy Anh Triết | H99: =VLOOKUP(B99,'Dữ liệu TQNM'!$B$7:$F$769,5,0) -> 2 | I99: =COUNTIF('Nộp báo cáo'!$A$3:$A$1993,'Tổng 24-25'!B99) -> 3
A100: 94 | B100: 2022222946 | C100: Phan Thị Thúy | D100: Ngân | E100: 26/05/2004 | F100: 13DHDB02 | G100: Ngô Duy Anh Triết | H100: =VLOOKUP(B100,'Dữ liệu TQNM'!$B$7:$F$769,5,0) -> 3 | I100: =COUNTIF('Nộp báo cáo'!$A$3:$A$1993,'Tổng 24-25'!B100) -> 3
A101: 95 | B101: 2022223005 | C101: Phan Gia | D101: Nghi | E101: 27/09/2004 | F101: 13DHDB02 | G101: Ngô Duy Anh Triết | H101: =VLOOKUP(B101,'Dữ liệu TQNM'!$B$7:$F$769,5,0) -> 2 | I101: =COUNTIF('Nộp báo cáo'!$A$3:$A$1993,'Tổng 24-25'!B101) -> 3
A102: 96 | B102: 2022223112 | C102: Vũ Hà Hải | D102: Ngọc | E102: 14/12/2004 | F102: 13DHDB02 | G102: Ngô Duy Anh Triết | H102: =VLOOKUP(B102,'Dữ liệu TQNM'!$B$7:$F$769,5,0) -> 3 | I102: =COUNTIF('Nộp báo cáo'!$A$3:$A$1993,'Tổng 24-25'!B102) -> 3
A103: 97 | B103: 2022223160 | C103: Nguyễn Thành | D103: Nguyên | E103: 08/04/2004 | F103: 13DHDB02 | G103: Ngô Duy Anh Triết | H103: =VLOOKUP(B103,'Dữ liệu TQNM'!$B$7:$F$769,5,0) -> 2 | I103: =COUNTIF('Nộp báo cáo'!$A$3:$A$1993,'Tổng 24-25'!B103) -> 3
A104: 98 | B104: 2022222805 | C104: Võ Văn | D104: Ninh | E104: 04/07/2004 | F104: 13DHDB02 | G104: Ngô Duy Anh Triết | H104: =VLOOKUP(B104,'Dữ liệu TQNM'!$B$7:$F$769,5,0) -> 2 | I104: =COUNTIF('Nộp báo cáo'!$A$3:$A$1993,'Tổng 24-25'!B104) -> 3
A105: 99 | B105: 2022223699 | C105: Phạm Toàn | D105: Phú | E105: 01/09/2004 | F105: 13DHDB02 | G105: Ngô Duy Anh Triết | H105: =VLOOKUP(B105,'Dữ liệu TQNM'!$B$7:$F$769,5,0) -> 2 | I105: =COUNTIF('Nộp báo cáo'!$A$3:$A$1993,'Tổng 24-25'!B105) -> 3
A106: 100 | B106: 2022223878 | C106: Nguyễn Hoàng Kim | D106: Phương | E106: 09/06/2004 | F106: 13DHDB02 | G106: Ngô Duy Anh Triết | H106: =VLOOKUP(B106,'Dữ liệu TQNM'!$B$7:$F$769,5,0) -> 2 | I106: =COUNTIF('Nộp báo cáo'!$A$3:$A$1993,'Tổng 24-25'!B106) -> 4
A107: 101 | B107: 2022223860 | C107: Lê Thanh | D107: Phương | E107: 12/12/2004 | F107: 13DHDB02 | G107: Ngô Duy Anh Triết | H107: =VLOOKUP(B107,'Dữ liệu TQNM'!$B$7:$F$769,5,0) -> 2 | I107: =COUNTIF('Nộp báo cáo'!$A$3:$A$1993,'Tổng 24-25'!B107) -> 2
A108: 102 | B108: 2022223903 | C108: Mang Thị Kim | D108: Phượng | E108: 28/09/2004 | F108: 13DHDB02 | G108: Ngô Duy Anh Triết | H108: =VLOOKUP(B108,'Dữ liệu TQNM'!$B$7:$F$769,5,0) -> 2 | I108: =COUNTIF('Nộp báo cáo'!$A$3:$A$1993,'Tổng 24-25'!B108) -> 3
... A506: 500 | B506: 2005225854 | C506: Ngô Văn Quốc | D506: Việt | E506: 11/05/2004 | F506: 13DHTP02 | G506: Nguyễn Bảo Toàn | H506: =VLOOKUP(B506,'Dữ liệu TQNM'!$B$7:$F$769,5,0) -> 2 | I506: =COUNTIF('Nộp báo cáo'!$A$3:$A$1993,'Tổng 24-25'!B506) -> 3
A507: 501 | B507: 2005225981 | C507: Tạ Nhật Đan | D507: Vy | E507: 25/12/2004 | F507: 13DHTP02 | G507: Nguyễn Bảo Toàn | H507: =VLOOKUP(B507,'Dữ liệu TQNM'!$B$7:$F$769,5,0) -> 0 | I507: =COUNTIF('Nộp báo cáo'!$A$3:$A$1993,'Tổng 24-25'!B507) -> 2 | J507: 2 nhà máy tham quan tự do
A508: 502 | B508: 2005226113 | C508: Trần Thị | D508: Yến | E508: 09/08/2004 | F508: 13DHTP02 | G508: Nguyễn Bảo Toàn | H508: =VLOOKUP(B508,'Dữ liệu TQNM'!$B$7:$F$769,5,0) -> 2 | I508: =COUNTIF('Nộp báo cáo'!$A$3:$A$1993,'Tổng 24-25'!B508) -> 3
A509: 503 | B509: 2005220274 | C509: Trần Quỳnh Bảo | D509: Ân | E509: 25/09/2004 | F509: 13DHTP03 | G509: Nguyễn Bảo Toàn | H509: =VLOOKUP(B509,'Dữ liệu TQNM'!$B$7:$F$769,5,0) -> 2 | I509: =COUNTIF('Nộp báo cáo'!$A$3:$A$1993,'Tổng 24-25'!B509) -> 2
A510: 504 | B510: 2005220171 | C510: Trần Hoàng | D510: Anh | E510: 17/10/2004 | F510: 13DHTP03 | G510: Nguyễn Bảo Toàn | H510: =VLOOKUP(B510,'Dữ liệu TQNM'!$B$7:$F$769,5,0) -> 3 | I510: =COUNTIF('Nộp báo cáo'!$A$3:$A$1993,'Tổng 24-25'!B510) -> 2
A511: 505 | B511: 2005220253 | C511: Lê Thị Ngọc | D511: Ánh | E511: 25/09/2004 | F511: 13DHTP03 | G511: Hoàng Thị Ngọc Nhơn | H511: =VLOOKUP(B511,'Dữ liệu TQNM'!$B$7:$F$769,5,0) -> 3 | I511: =COUNTIF('Nộp báo cáo'!$A$3:$A$1993,'Tổng 24-25'!B511) -> 3
A512: 506 | B512: 2005220300 | C512: Nguyễn Gia | D512: Bảo | E512: 30/04/2004 | F512: 13DHTP03 | G512: Hoàng Thị Ngọc Nhơn | H512: =VLOOKUP(B512,'Dữ liệu TQNM'!$B$7:$F$769,5,0) -> 3 | I512: =COUNTIF('Nộp báo cáo'!$A$3:$A$1993,'Tổng 24-25'!B512) -> 2
A513: 507 | B513: 2005220449 | C513: Nguyễn Chí | D513: Cường | E513: 25/04/2004 | F513: 13DHTP03 | G513: Hoàng Thị Ngọc Nhơn | H513: =VLOOKUP(B513,'Dữ liệu TQNM'!$B$7:$F$769,5,0) -> 2 | I513: =COUNTIF('Nộp báo cáo'!$A$3:$A$1993,'Tổng 24-25'!B513) -> 0
A514: 508 | B514: 2005220881 | C514: Trần Đình | D514: Đạt | E514: 19/10/2004 | F514: 13DHTP03 | G514: Hoàng Thị Ngọc Nhơn | H514: =VLOOKUP(B514,'Dữ liệu TQNM'!$B$7:$F$769,5,0) -> 2 | I514: =COUNTIF('Nộp báo cáo'!$A$3:$A$1993,'Tổng 24-25'!B514) -> 2
A515: 509 | B515: 2005220627 | C515: Quách Quân | D515: Doanh | E515: 10/07/2004 | F515: 13DHTP03 | G515: Hoàng Thị Ngọc Nhơn | H515: =VLOOKUP(B515,'Dữ liệu TQNM'!$B$7:$F$769,5,0) -> 2 | I515: =COUNTIF('Nộp báo cáo'!$A$3:$A$1993,'Tổng 24-25'!B515) -> 3
A516: 510 | B516: 2005220628 | C516: Hồ Phùng Thanh | D516: Doanh | E516: 18/02/2004 | F516: 13DHTP03 | G516: Hoàng Thị Ngọc Nhơn | H516: =VLOOKUP(B516,'Dữ liệu TQNM'!$B$7:$F$769,5,0) -> 3 | I516: =COUNTIF('Nộp báo cáo'!$A$3:$A$1993,'Tổng 24-25'!B516) -> 3
A517: 511 | B517: 2005220823 | C517: Nguyễn Thùy | D517: Dương | E517: 10/05/2004 | F517: 13DHTP03 | G517: Hoàng Thị Ngọc Nhơn | H517: =VLOOKUP(B517,'Dữ liệu TQNM'!$B$7:$F$769,5,0) -> 3 | I517: =COUNTIF('Nộp báo cáo'!$A$3:$A$1993,'Tổng 24-25'!B517) -> 0
A518: 512 | B518: 2005221125 | C518: Lê Thị | D518: Hạ | E518: 12/09/2004 | F518: 13DHTP03 | G518: Hoàng Thị Ngọc Nhơn | H518: =VLOOKUP(B518,'Dữ liệu TQNM'!$B$7:$F$769,5,0) -> 3 | I518: =COUNTIF('Nộp báo cáo'!$A$3:$A$1993,'Tổng 24-25'!B518) -> 3
A519: 513 | B519: 2005221266 | C519: Trần Gia | D519: Hân | E519: 25/03/2004 | F519: 13DHTP03 | G519: Hoàng Thị Ngọc Nhơn | H519: =VLOOKUP(B519,'Dữ liệu TQNM'!$B$7:$F$769,5,0) -> 0 | I519: =COUNTIF('Nộp báo cáo'!$A$3:$A$1993,'Tổng 24-25'!B519) -> 0
... A563: 557 | B563: 2005220251 | C563: Nguyễn Thị Kim | D563: Ánh | E563: 31/05/2004 | F563: 13DHTP04 | G563: Hoàng Thị Ngọc Nhơn | H563: =VLOOKUP(B563,'Dữ liệu TQNM'!$B$7:$F$769,5,0) -> 3 | I563: =COUNTIF('Nộp báo cáo'!$A$3:$A$1993,'Tổng 24-25'!B563) -> 3
A564: 558 | B564: 2005220377 | C564: Bơ Nah Ria Prong | D564: Bích | E564: 14/12/2004 | F564: 13DHTP04 | G564: Hoàng Thị Ngọc Nhơn | H564: =VLOOKUP(B564,'Dữ liệu TQNM'!$B$7:$F$769,5,0) -> 0 | I564: =COUNTIF('Nộp báo cáo'!$A$3:$A$1993,'Tổng 24-25'!B564) -> 2 | J564: 2 nhà máy tham quan tự do
A565: 559 | B565: 2005220908 | C565: Võ Đức | D565: Đạt | E565: 01/08/2004 | F565: 13DHTP04 | G565: Hoàng Thị Ngọc Nhơn | H565: =VLOOKUP(B565,'Dữ liệu TQNM'!$B$7:$F$769,5,0) -> 0 | I565: =COUNTIF('Nộp báo cáo'!$A$3:$A$1993,'Tổng 24-25'!B565) -> 0
A566: 560 | B566: 2005220925 | C566: Nguyễn Lương Tiến | D566: Đạt | E566: 13/11/2004 | F566: 13DHTP04 | G566: Hoàng Thị Ngọc Nhơn | H566: =VLOOKUP(B566,'Dữ liệu TQNM'!$B$7:$F$769,5,0) -> 0 | I566: =COUNTIF('Nộp báo cáo'!$A$3:$A$1993,'Tổng 24-25'!B566) -> 0
A567: 561 | B567: 2005220875 | C567: Cao Trung | D567: Đạt | E567: 09/11/2004 | F567: 13DHTP04 | G567: Hoàng Thị Ngọc Nhơn | H567: =VLOOKUP(B567,'Dữ liệu TQNM'!$B$7:$F$769,5,0) -> 3 | I567: =COUNTIF('Nộp báo cáo'!$A$3:$A$1993,'Tổng 24-25'!B567) -> 3
A568: 562 | B568: 2005221012 | C568: Ông Tiến | D568: Đức | E568: 14/12/2004 | F568: 13DHTP04 | G568: Hoàng Thị Ngọc Nhơn | H568: =VLOOKUP(B568,'Dữ liệu TQNM'!$B$7:$F$769,5,0) -> 0 | I568: =COUNTIF('Nộp báo cáo'!$A$3:$A$1993,'Tổng 24-25'!B568) -> 0
A569: 563 | B569: 2005220812 | C569: Nguyễn Thị Thùy | D569: Dương | E569: 15/02/2004 | F569: 13DHTP04 | G569: Hoàng Thị Ngọc Nhơn | H569: =VLOOKUP(B569,'Dữ liệu TQNM'!$B$7:$F$769,5,0) -> 1 | I569: =COUNTIF('Nộp báo cáo'!$A$3:$A$1993,'Tổng 24-25'!B569) -> 2
A570: 564 | B570: 2005220785 | C570: Đặng Ngọc Phương | D570: Duyên | E570: 22/03/2004 | F570: 13DHTP04 | G570: Hoàng Thị Ngọc Nhơn | H570: =VLOOKUP(B570,'Dữ liệu TQNM'!$B$7:$F$769,5,0) -> 2 | I570: =COUNTIF('Nộp báo cáo'!$A$3:$A$1993,'Tổng 24-25'!B570) -> 3
A571: 565 | B571: 2005221274 | C571: Nguyễn Công | D571: Hân | E571: 23/02/2004 | F571: 13DHTP04 | G571: Hoàng Thị Ngọc Nhơn | H571: =VLOOKUP(B571,'Dữ liệu TQNM'!$B$7:$F$769,5,0) -> 0 | I571: =COUNTIF('Nộp báo cáo'!$A$3:$A$1993,'Tổng 24-25'!B571) -> 0
A572: 566 | B572: 2005221364 | C572: Nguyễn Thị Thúy | D572: Hiền | E572: 14/12/2004 | F572: 13DHTP04 | G572: Hoàng Thị Ngọc Nhơn | H572: =VLOOKUP(B572,'Dữ liệu TQNM'!$B$7:$F$769,5,0) -> 3 | I572: =COUNTIF('Nộp báo cáo'!$A$3:$A$1993,'Tổng 24-25'!B572) -> 1
A573: 567 | B573: 2005221545 | C573: Nguyễn Cửu | D573: Huân | E573: 15/09/2004 | F573: 13DHTP04 | G573: Hoàng Thị Ngọc Nhơn | H573: =VLOOKUP(B573,'Dữ liệu TQNM'!$B$7:$F$769,5,0) -> 0 | I573: =COUNTIF('Nộp báo cáo'!$A$3:$A$1993,'Tổng 24-25'!B573) -> 0
A574: 568 | B574: 2005221587 | C574: Đỗ Gia | D574: Huy | E574: 17/01/2004 | F574: 13DHTP04 | G574: Hoàng Thị Ngọc Nhơn | H574: =VLOOKUP(B574,'Dữ liệu TQNM'!$B$7:$F$769,5,0) -> 2 | I574: =COUNTIF('Nộp báo cáo'!$A$3:$A$1993,'Tổng 24-25'!B574) -> 3
A575: 569 | B575: 2005221866 | C575: Lê Ngọc | D575: Hy | E575: 02/10/2004 | F575: 13DHTP04 | G575: Hoàng Thị Ngọc Nhơn | H575: =VLOOKUP(B575,'Dữ liệu TQNM'!$B$7:$F$769,5,0) -> 3 | I575: =COUNTIF('Nộp báo cáo'!$A$3:$A$1993,'Tổng 24-25'!B575) -> 4
A576: 570 | B576: 2005221990 | C576: Ngô Yên | D576: Khang | E576: 13/07/2004 | F576: 13DHTP04 | G576: Hoàng Thị Ngọc Nhơn | H576: =VLOOKUP(B576,'Dữ liệu TQNM'!$B$7:$F$769,5,0) -> 0 | I576: =COUNTIF('Nộp báo cáo'!$A$3:$A$1993,'Tổng 24-25'!B576) -> 0
... A754: 748 | B754: 2041214109 | C754: Phạm Ngọc Thảo | D754: Vi | E754: 15/11/2003 | F754: 12DHQTTP04 | G754: Hoàng Thị Trúc Quỳnh | H754: =VLOOKUP(B754,'Dữ liệu TQNM'!$B$7:$F$769,5,0) -> 5 | I754: =COUNTIF('Nộp báo cáo'!$A$3:$A$1993,'Tổng 24-25'!B754) -> 3
A755: 749 | B755: 2041214113 | C755: Nguyễn Ngọc Thảo | D755: Vy | E755: 25/09/2003 | F755: 12DHQTTP04 | G755: Hoàng Thị Trúc Quỳnh | H755: =VLOOKUP(B755,'Dữ liệu TQNM'!$B$7:$F$769,5,0) -> 1 | I755: =COUNTIF('Nộp báo cáo'!$A$3:$A$1993,'Tổng 24-25'!B755) -> 1 | J755: 1 Aji, 1 nhà máy Acecook không viết báo cáo
A756: 750 | B756: 2005212202 | C756: Phan Thanh | D756: Nguyên | E756: 08/05/2003 | F756: 12DHTP_TD | G756: Hoàng Thị Trúc Quỳnh | H756: =VLOOKUP(B756,'Dữ liệu TQNM'!$B$7:$F$769,5,0) -> 2 | I756: =COUNTIF('Nộp báo cáo'!$A$3:$A$1993,'Tổng 24-25'!B756) -> 3
A757: 751 | B757: 2005210982 | C757: Huỳnh Quốc | D757: Cường | E757: 20/02/2003 | F757: 12DHTP01 | G757: Hoàng Thị Trúc Quỳnh | H757: =VLOOKUP(B757,'Dữ liệu TQNM'!$B$7:$F$769,5,0) -> 4 | I757: =COUNTIF('Nộp báo cáo'!$A$3:$A$1993,'Tổng 24-25'!B757) -> 11
A758: 752 | B758: 2005210184 | C758: Lưu Nguyễn Quế | D758: Hương | E758: 08/02/2003 | F758: 12DHTP02 | G758: Hoàng Thị Trúc Quỳnh | H758: =VLOOKUP(B758,'Dữ liệu TQNM'!$B$7:$F$769,5,0) -> 2 | I758: =COUNTIF('Nộp báo cáo'!$A$3:$A$1993,'Tổng 24-25'!B758) -> 3
A759: 753 | B759: 2005210209 | C759: Đinh Minh | D759: Nhã | E759: 17/05/2003 | F759: 12DHTP02 | G759: Hoàng Thị Trúc Quỳnh | H759: =VLOOKUP(B759,'Dữ liệu TQNM'!$B$7:$F$769,5,0) -> 4 | I759: =COUNTIF('Nộp báo cáo'!$A$3:$A$1993,'Tổng 24-25'!B759) -> 3
A760: 754 | B760: 2005210573 | C760: Nguyễn Viết Nhật | D760: Huy | E760: 28/12/2002 | F760: 12DHTP03 | G760: Hoàng Thị Trúc Quỳnh | H760: =VLOOKUP(B760,'Dữ liệu TQNM'!$B$7:$F$769,5,0) -> 0 | I760: =COUNTIF('Nộp báo cáo'!$A$3:$A$1993,'Tổng 24-25'!B760) -> 0
A761: 755 | B761: 2005211043 | C761: Phạm Minh | D761: Khang | E761: 08/07/2003 | F761: 12DHTP03 | G761: Hoàng Thị Trúc Quỳnh | H761: =VLOOKUP(B761,'Dữ liệu TQNM'!$B$7:$F$769,5,0) -> 1 | I761: =COUNTIF('Nộp báo cáo'!$A$3:$A$1993,'Tổng 24-25'!B761) -> 1
A762: 756 | B762: 2005211255 | C762: Nguyễn Bảo | D762: Trân | E762: 10/05/2003 | F762: 12DHTP03 | G762: Hoàng Thị Trúc Quỳnh | H762: =VLOOKUP(B762,'Dữ liệu TQNM'!$B$7:$F$769,5,0) -> 2 | I762: =COUNTIF('Nộp báo cáo'!$A$3:$A$1993,'Tổng 24-25'!B762) -> 0
A763: 757 | B763: 2005210553 | C763: Huỳnh Dương Trọng | D763: Phúc | E763: 28/12/2003 | F763: 12DHTP05 | G763: Hoàng Thị Trúc Quỳnh | H763: =VLOOKUP(B763,'Dữ liệu TQNM'!$B$7:$F$769,5,0) -> 2 | I763: =COUNTIF('Nộp báo cáo'!$A$3:$A$1993,'Tổng 24-25'!B763) -> 0 | J763: 2 nhà máy tham quan tháng 6/2025
A764: 758 | B764: 2005211085 | C764: Hồ Hải | D764: Đăng | E764: 02/09/2003 | F764: 12DHTP06 | G764: Hoàng Thị Trúc Quỳnh | H764: =VLOOKUP(B764,'Dữ liệu TQNM'!$B$7:$F$769,5,0) -> 0 | I764: =COUNTIF('Nộp báo cáo'!$A$3:$A$1993,'Tổng 24-25'!B764) -> 0
A765: 759 | B765: 2005211090 | C765: Võ Vân | D765: Anh | E765: 13/01/2003 | F765: 12DHTP07 | G765: Hoàng Thị Trúc Quỳnh | H765: =VLOOKUP(B765,'Dữ liệu TQNM'!$B$7:$F$769,5,0) -> 0 | I765: =COUNTIF('Nộp báo cáo'!$A$3:$A$1993,'Tổng 24-25'!B765) -> 0
A766: 760 | B766: 2005217995 | C766: Huỳnh Ngọc Yến | D766: Nhi | E766: 07/01/2003 | F766: 12DHTP07 | G766: Hoàng Thị Trúc Quỳnh | H766: =VLOOKUP(B766,'Dữ liệu TQNM'!$B$7:$F$769,5,0) -> 2 | I766: =COUNTIF('Nộp báo cáo'!$A$3:$A$1993,'Tổng 24-25'!B766) -> 2
A767: 761 | B767: 2005218010 | C767: Lê Thị Quỳnh | D767: Như | E767: 08/09/2003 | F767: 12DHTP07 | G767: Hoàng Thị Trúc Quỳnh | H767: =VLOOKUP(B767,'Dữ liệu TQNM'!$B$7:$F$769,5,0) -> 1 | I767: =COUNTIF('Nộp báo cáo'!$A$3:$A$1993,'Tổng 24-25'!B767) -> 3
A768: 762 | B768: 2005218108 | C768: Lê Hoàng Khánh | D768: Trân | E768: 03/09/2003 | F768: 12DHTP08 | G768: Hoàng Thị Trúc Quỳnh | H768: =VLOOKUP(B768,'Dữ liệu TQNM'!$B$7:$F$769,5,0) -> 2 | I768: =COUNTIF('Nộp báo cáo'!$A$3:$A$1993,'Tổng 24-25'!B768) -> 3
A769: 763 | B769: 2005212241 | C769: Đỗ Trường | D769: Giang | E769: 24/10/2003 | F769: 12DHTP09 | G769: Hoàng Thị Trúc Quỳnh | H769: =VLOOKUP(B769,'Dữ liệu TQNM'!$B$7:$F$769,5,0) -> 0 | I769: =COUNTIF('Nộp báo cáo'!$A$3:$A$1993,'Tổng 24-25'!B769) -> 0

Sheet Dữ liệu TQNM
A2: TỔNG HỢP TÌNH HÌNH SINH VIÊN THAM QUAN NHÀ MÁY
A4: STT | B4: MSSV | C4: HỌ VÀ TÊN | E4: LỚP | F4: SỐ LƯỢNG | G4: NHÀ MÁY THAM QUAN 1 | L4: NHÀ MÁY THAM QUAN 2 | Q4: NHÀ MÁY THAM QUAN 3 | V4: NHÀ MÁY THAM QUAN 4 | AA4: NHÀ MÁY THAM QUAN 5
G5: TÊN | H5: THỜI GIAN | I5: HÌNH THỨC | J5: ĐIỂM | K5: ĐIỂM CỘNG | L5: TÊN | M5: THỜI GIAN | N5: HÌNH THỨC | O5: ĐIỂM | P5: ĐIỂM CỘNG | Q5: TÊN | R5: THỜI GIAN | S5: HÌNH THỨC | T5: ĐIỂM | U5: ĐIỂM CỘNG | V5: TÊN | W5: THỜI GIAN | X5: HÌNH THỨC | Y5: ĐIỂM | Z5: ĐIỂM CỘNG | AA5: TÊN | AB5: THỜI GIAN | AC5: HÌNH THỨC | AD5: ĐIỂM | AE5: ĐIỂM CỘNG
A6: (1) | B6: (2) | C6: (3) | D6: (4) | E6: (5) | F6: (6) | G6: (7) | L6: (8) | Q6: (9) | V6: (10) | AA6: (10)
A7: 1 | B7: 2005190573 | C7: Nguyễn Trọng | D7: Tài | E7: 10DHTP06
A8: 2 | B8: 2005200613 | C8: Phạm Minh | D8: Phương | E8: 11DHTP01 | F8: 2 | G8: Kewpie | H8: 45440 | I8: Offline | J8: 5 | L8: Acecook | M8: 45443 | N8: Offline | O8: 4.5
A9: 3 | B9: 2005201064 | C9: Trần Mai | D9: Thi | E9: 11DHTP01 | F9: 2 | G9: Kewpie | H9: 45398 | I9: Offline | J9: 8 | L9: Acecook | M9: 45399 | N9: Offline | O9: 5.5
A10: 4 | B10: 2005200682 | C10: Phạm Thị Bích | D10: Vân | E10: 11DHTP02 | F10: 4 | G10: Yakult | H10: 45629 | I10: Offline | J10: 7 | L10: Acecook | M10: 45721 | N10: Offline | O10: 2.5 | Q10: Acecook | R10: 45784 | S10: Offline | T10: 5.5 | V10: Yakult | W10: 45786 | X10: Offline | Y10: 6
A11: 5 | B11: 2005200495 | C11: Trần Phúc | D11: Hậu | E11: 11DHTP05 | F11: 1 | G11: Yakult | H11: 45817 | I11: Offline | J11: 6.5
A12: 6 | B12: 2005200237 | C12: Nguyễn Quốc | D12: Huy | E12: 11DHTP05 | F12: 1 | G12: Kewpie | H12: 45559 | I12: Offline | J12: 6.5
A13: 7 | B13: 2005200493 | C13: Trần Thị Mỹ | D13: Hạnh | E13: 11DHTP06 | F13: 3 | G13: Satori | H13: 45629 | I13: Offline | J13: 6 | L13: Kewpie | M13: 45636 | N13: Offline | O13: 4 | Q13: Acecook | R13: 45744 | S13: Offline | T13: 4.5
A14: 8 | B14: 2005202114 | C14: Nguyễn Tấn | D14: Phát | E14: 11DHTP09 | F14: 3 | G14: Kewpie | H14: 45589 | I14: Offline | J14: 7 | L14: Yakult | M14: 45602 | N14: Offline | O14: 5 | Q14: Acecook | R14: 45631 | S14: Offline | T14: 6
A15: 9 | B15: 2005208587 | C15: Nguyễn Đình | D15: Tân | E15: 11DHTP12 | F15: 1 | G15: Kewpie | H15: 45559 | I15: Offline | J15: 7.5
A16: 10 | B16: 2005208248 | C16: Thạch Khái | D16: Vinh | E16: 11DHTP12 | F16: 0
A17: 11 | B17: 2005208528 | C17: Dương Hoàng Tuấn | D17: Anh | E17: 11DHTP13 | F17: 3 | G17: Yakult | H17: 45602 | I17: Offline | J17: 8 | L17: Kewpie | M17: 45636 | N17: Offline | O17: 7 | Q17: Kewpie | R17: 24/20/2024 | S17: Offline | T17: 7
A18: 12 | B18: 2005208193 | C18: Phan Việt | D18: Hoàng | E18: 11DHTP14 | F18: 0
A19: 13 | B19: 2041214001 | C19: Lê | D19: Công | E19: 12DHQTTP02 | F19: 2 | G19: Aeon | H19: 45552 | I19: Offline | L19: Kewpie | M19: 45559 | N19: Offline | O19: 7.5
A20: 14 | B20: 2041214018 | C20: Nguyễn Duy | D20: Hiếu | E20: 12DHQTTP02 | F20: 1 | G20: Acecook | H20: 45784 | I20: Offline | J20: 7
A21: 15 | B21: 2041210256 | C21: Nguyễn Thị Thanh | D21: Kiều | E21: 12DHQTTP02 | F21: 0
A22: 16 | B22: 2041210213 | C22: Nguyễn Phương | D22: Lâm | E22: 12DHQTTP02 | F22: 0
A23: 17 | B23: 2041214058 | C23: Lê Thị Thảo | D23: Nguyên | E23: 12DHQTTP02 | F23: 3 | G23: Yakult | H23: 45602 | I23: Offline | J23: 4.5 | L23: Satori | M23: 45629 | N23: Offline | O23: 8.5 | P23: 0.5 | Q23: Acecook | R23: 45631 | S23: Offline | T23: 5.5
A24: 18 | B24: 2041214028 | C24: Nguyễn Trung | D24: Kiên | E24: 12DHQTTP03 | F24: 0
A25: 19 | B25: 2041214070 | C25: Đặng Minh | D25: Phương | E25: 12DHQTTP03 | F25: 2 | G25: Kewpie | H25: 45356 | I25: Offline | J25: 5.5 | L25: Acecook | M25: 45399 | N25: Offline | O25: 7
A26: 20 | B26: 2041210181 | C26: Ngô Quang | D26: Huy | E26: 12DHQTTP04 | F26: 2 | G26: Kewpie | H26: 45589 | I26: Offline | J26: 6 | L26: Acecook | M26: 45471 | N26: Offline | O26: 8
A27: 21 | B27: 2041214026 | C27: Nguyễn Thị | D27: Hương | E27: 12DHQTTP04 | F27: 1 | G27: Yakult | H27: 45637 | I27: Offline | J27: 6.5
A28: 22 | B28: 2041210264 | C28: Huỳnh Thị Kim | D28: Ngân | E28: 12DHQTTP04 | F28: 1 | G28: Acecook | H28: 45721 | I28: Offline | J28: 7.5
A29: 23 | B29: 2041214067 | C29: Vi Thị Quỳnh | D29: Như | E29: 12DHQTTP04 | F29: 2 | G29: Acecook | H29: 45455 | I29: Offline | J29: 8.5 | L29: Yakult | M29: 45803 | N29: Offline | O29: 8.5
A30: 24 | B30: 2041210176 | C30: Đinh Nguyễn Quang | D30: Tiến | E30: 12DHQTTP04 | F30: 3 | G30: Kewpie | H30: 45589 | I30: Offline | J30: 4 | L30: Acecook | M30: 45443 | N30: Offline | O30: 4.5 | Q30: Acecook | R30: 45471 | S30: Offline | T30: 6.5
A31: 25 | B31: 2041210175 | C31: Đỗ Thanh | D31: Thảo | E31: 12DHQTTP04 | F31: 2 | G31: Yakult | H31: 45629 | I31: Offline | J31: 9 | L31: Acecook | M31: 45436 | N31: Offline | O31: 6.5
A32: 26 | B32: 2041214109 | C32: Phạm Ngọc Thảo | D32: Vi | E32: 12DHQTTP04 | F32: 5 | G32: Kewpie | H32: 45391 | I32: Offline | J32: 5.5 | L32: Acecook | M32: 45422 | N32: Offline | O32: 7 | Q32: Acecook | R32: 45455 | S32: Offline | T32: 8 | V32: Satori | W32: 45797 | X32: Offline | Y32: 6 | AA32: Yakult | AB32: 45803 | AC32: Offline | AD32: 7
A33: 27 | B33: 2041214113 | C33: Nguyễn Ngọc Thảo | D33: Vy | E33: 12DHQTTP04 | F33: 1 | G33: Acecook | H33: 45422 | I33: Offline | J33: 7
A34: 28 | B34: 2005210982 | C34: Huỳnh Quốc | D34: Cường | E34: 12DHTP01 | F34: 4 | G34: Yakult | H34: 45602 | I34: Offline | J34: 7 | L34: Satori | M34: 45629 | N34: Offline | O34: 7 | Q34: Acecook | R34: 45721 | S34: Offline | T34: 8.5 | V34: Yakult | W34: 45803 | X34: Offline | Y34: 8
A35: 29 | B35: 2005210184 | C35: Lưu Nguyễn Quế | D35: Hương | E35: 12DHTP02 | F35: 2 | G35: Kewpie | H35: 45405 | I35: Offline | J35: 7 | L35: Acecook | M35: 45436 | N35: Offline | O35: 7.5
A36: 30 | B36: 2005210209 | C36: Đinh Minh | D36: Nhã | E36: 12DHTP02 | F36: 4 | G36: Yakult | H36: 45602 | I36: Offline | J36: 8.5 | L36: Acecook | M36: 45631 | N36: Offline | O36: 8.5 | Q36: Kewpie | R36: 45559 | S36: Offline | T36: 8 | V36: Acecook | W36: 45422 | X36: Offline | Y36: 7.5
A37: 31 | B37: 2005210573 | C37: Nguyễn Viết Nhật | D37: Huy | E37: 12DHTP03 | F37: 0
A38: 32 | B38: 2005211043 | C38: Phạm Minh | D38: Khang | E38: 12DHTP03 | F38: 1 | G38: Yakult | H38: 45602 | I38: Offline | J38: 6
A39: 33 | B39: 2005211255 | C39: Nguyễn Bảo | D39: Trân | E39: 12DHTP03 | F39: 2 | G39: Yakult | H39: 45645 | I39: Offline | J39: 6 | L39: Yakult | M39: 45817 | N39: Offline | O39: 8
A40: 34 | B40: 2005210553 | C40: Huỳnh Dương Trọng | D40: Phúc | E40: 12DHTP05 | F40: 2 | G40: Yakult | H40: 45817 | I40: Offline | J40: 10 | L40: Kewpie | M40: 45818 | N40: Offline | O40: 8.5
A41: 35 | B41: 2005211085 | C41: Hồ Hải | D41: Đăng | E41: 12DHTP06 | F41: 0
A42: 36 | B42: 2005211090 | C42: Võ Vân | D42: Anh | E42: 12DHTP07 | F42: 0
A43: 37 | B43: 2005217995 | C43: Huỳnh Ngọc Yến | D43: Nhi | E43: 12DHTP07 | F43: 2 | G43: Yakult | H43: 45602 | I43: Offline | J43: 8 | L43: Kewpie | M43: 45589 | N43: Offline | O43: 8
A44: 38 | B44: 2005218010 | C44: Lê Thị Quỳnh | D44: Như | E44: 12DHTP07 | F44: 1 | G44: Kewpie | H44: 45636 | I44: Offline | J44: 8
A45: 39 | B45: 2005218108 | C45: Lê Hoàng Khánh | D45: Trân | E45: 12DHTP08 | F45: 2 | G45: Yakult | H45: 45629 | I45: Offline | J45: 7 | L45: Kewpie | M45: 45559 | N45: Offline | O45: 8
A46: 40 | B46: 2005212241 | C46: Đỗ Trường | D46: Giang | E46: 12DHTP09 | F46: 0
A47: 41 | B47: 2005212202 | C47: Phan Thanh | D47: Nguyên | E47: 12DHTPTD | F47: 2 | G47: Satori | H47: 45629 | I47: Offline | J47: 7 | L47: Yakult | M47: 45645 | N47: Offline | O47: 6.5
A48: 42 | B48: 2022220050 | C48: Huỳnh Dĩ | D48: An | E48: 13DHDB01 | F48: 3 | G48: Acecook | H48: 45728 | I48: Offline | J48: 8 | L48: Heineken | M48: 45800 | N48: Offline | O48: 9 | Q48: Yakult | R48: 45803 | S48: Offline | T48: 9.5
A49: 43 | B49: 2022220068 | C49: Nguyễn Xuân | D49: An | E49: 13DHDB01 | F49: 3 | G49: Acecook | H49: 45728 | I49: Offline | J49: 8 | L49: Kewpie | M49: 45757 | N49: Offline | O49: 9 | Q49: Heineken | R49: 45799 | S49: Offline | T49: 10
A50: 44 | B50: 2022220181 | C50: Lê Thị Vân | D50: Anh | E50: 13DHDB01 | F50: 2 | G50: Yakult | H50: 45629 | I50: Offline | J50: 8.5 | L50: Acecook | M50: 45749 | N50: Offline | O50: 8.5
A51: 45 | B51: 2022220211 | C51: Nguyễn Đức Phương | D51: Anh | E51: 13DHDB01 | F51: 3 | G51: Acecook | H51: 45721 | I51: Offline | J51: 8 | L51: Satori | M51: 45757 | N51: Offline | O51: 8.5 | Q51: Yakult | R51: 45787 | S51: Offline | T51: 9.5 | U51: 0.5
A52: 46 | B52: 2022220170 | C52: Phạm Tuấn | D52: Anh | E52: 13DHDB01 | F52: 3 | G52: Acecook | H52: 45756 | I52: Offline | J52: 7.5 | L52: Satori | M52: 45757 | N52: Offline | O52: 9.5 | Q52: Yakult | R52: 45786 | S52: Offline | T52: 8.5 | U52: 0.5
A53: 47 | B53: 2022220182 | C53: Võ Trâm | D53: Anh | E53: 13DHDB01 | F53: 3 | G53: Acecook | H53: 45721 | I53: Offline | J53: 8.5 | L53: Satori | M53: 45785 | N53: Offline | O53: 9.5 | Q53: Yakult | R53: 45798 | S53: Offline | T53: 9 | U53: 0.5
A54: 48 | B54: 2022220199 | C54: Phan Thị Mộng | D54: Anh | E54: 13DHDB01 | F54: 2 | G54: Acecook | H54: 45631 | I54: Offline | J54: 8.5 | L54: Kewpie | M54: 45757 | N54: Offline | O54: 8
A55: 49 | B55: 2022220464 | C55: Nguyễn Chí | D55: Cường | E55: 13DHDB01 | F55: 2 | G55: Acecook | H55: 45744 | I55: Offline | J55: 9 | L55: Yakult | M55: 45776 | N55: Offline | O55: 8.5
A56: 50 | B56: 2022220619 | C56: Trần Thị Ngọc | D56: Diệu | E56: 13DHDB01 | F56: 2 | G56: Acecook | H56: 45644 | I56: Offline | J56: 6 | L56: Yakult | M56: 45776 | N56: Offline | O56: 7.5
A57: 51 | B57: 2022220692 | C57: Trần Trí | D57: Dũng | E57: 13DHDB01 | F57: 3 | G57: Acecook | H57: 45471 | I57: Offline | J57: 8 | K57: 1 | L57: Kewpie | M57: 45797 | N57: Offline | O57: 8.5 | Q57: Yakult | R57: 45803 | S57: Offline | T57: 9.5
A58: 52 | B58: 2022220980 | C58: Lê Cung | D58: Đỉnh | E58: 13DHDB01 | F58: 3 | G58: Acecook | H58: 45644 | I58: Offline | J58: 8 | L58: Satori | M58: 45785 | N58: Offline | O58: 8 | Q58: Heineken | R58: 45800 | S58: Offline | T58: 7
A59: 53 | B59: 2022221018 | C59: Trịnh Minh | D59: Đức | E59: 13DHDB01 | F59: 3 | G59: Acecook | H59: 45721 | I59: Offline | J59: 8.5 | L59: Satori | M59: 45785 | N59: Offline | O59: 9.5 | Q59: Yakult | R59: 45798 | S59: Offline | T59: 9
A60: 54 | B60: 2022221072 | C60: Nguyễn Thị Ngọc | D60: Giàu | E60: 13DHDB01 | F60: 2 | G60: Acecook | H60: 45728 | I60: Offline | J60: 8 | L60: Kewpie | M60: 45757 | N60: Offline | O60: 7.5
A61: 55 | B61: 2022221112 | C61: Lê Thị Thu | D61: Hà | E61: 13DHDB01 | F61: 2 | G61: Acecook | H61: 45631 | I61: Offline | J61: 8.5 | L61: Kewpie | M61: 45757 | N61: Offline | O61: 8.5
A62: 56 | B62: 2022221149 | C62: Tôn Lương Thanh | D62: Hải | E62: 13DHDB01 | F62: 3 | G62: Acecook | H62: 45749 | I62: Offline | J62: 10 | L62: Yakult | M62: 45803 | N62: Offline | O62: 9 | Q62: Kewpie | R62: 45813 | S62: Offline | T62: 8.5
A63: 57 | B63: 2022221227 | C63: Phạm Thị Phượng | D63: Hằng | E63: 13DHDB01 | F63: 3 | G63: Acecook | H63: 45471 | I63: Offline | J63: 7.5 | L63: Kewpie | M63: 45757 | N63: Offline | O63: 9 | Q63: Yakult | R63: 45786 | S63: Offline | T63: 8.5
A64: 58 | B64: 2022221231 | C64: Ngô Thị Thúy | D64: Hằng | E64: 13DHDB01 | F64: 2 | G64: Satori | H64: 45629 | I64: Offline | J64: 9.5 | L64: Kewpie | M64: 45797 | N64: Offline | O64: 5
A65: 59 | B65: 2022221290 | C65: Lê Quan Thái | D65: Hân | E65: 13DHDB01 | F65: 4 | G65: Acecook | H65: 45742 | I65: Offline | J65: 8 | L65: Yakult | M65: 45776 | N65: Offline | O65: 6.5 | Q65: Acecook | R65: 45471 | S65: Offline | T65: 5 | V65: Acecook | W65: 45448 | X65: Offline | Y65: 6
A66: 60 | B66: 2022221300 | C66: Lê Bảo | D66: Hân | E66: 13DHDB01 | F66: 3 | G66: Yakult | H66: 45637 | I66: Offline | J66: 9 | L66: Acecook | M66: 45791 | N66: Offline | O66: 8 | Q66: Heineken | R66: 45800 | S66: Offline | T66: 8.5
A67: 61 | B67: 2022221299 | C67: Lê Ngọc | D67: Hân | E67: 13DHDB01 | F67: 2 | G67: Acecook | H67: 45721 | I67: Offline | J67: 6.5 | L67: Satori | M67: 45785 | N67: Offline | O67: 6.5
A68: 62 | B68: 2022221423 | C68: Hà Nguyễn Huy | D68: Hiếu | E68: 13DHDB01 | F68: 0
A69: 63 | B69: 2022221536 | C69: Nguyễn Thị | D69: Hồng | E69: 13DHDB01 | F69: 2 | G69: Satori | H69: 45629 | I69: Offline | J69: 8.5 | L69: Acecook | M69: 45784 | N69: Offline | O69: 7.5
A70: 64 | B70: 2022221773 | C70: Lê Thị Như | D70: Huỳnh | E70: 13DHDB01 | F70: 3 | G70: Acecook | H70: 45728 | I70: Offline | J70: 7.5 | L70: Satori | M70: 45783 | N70: Offline | O70: 9 | Q70: Acecook | R70: 45448 | S70: Offline | T70: 7
A71: 65 | B71: 2022221801 | C71: Võ Huỳnh | D71: Hưng | E71: 13DHDB01 | F71: 3 | G71: Acecook | H71: 45749 | I71: Offline | J71: 9 | L71: Satori | M71: 45783 | N71: Offline | O71: 8.5 | Q71: Yakult | R71: 45798 | S71: Offline | T71: 8
A72: 66 | B72: 2022221841 | C72: Trần Nguyễn Quỳnh | D72: Hương | E72: 13DHDB01 | F72: 1 | G72: Yakult | H72: 45798 | I72: Offline | J72: 8
A73: 67 | B73: 2022222085 | C73: Trần Đình | D73: Khiêm | E73: 13DHDB01 | F73: 0
A74: 68 | B74: 2022222151 | C74: Nguyễn Trần Minh | D74: Khôi | E74: 13DHDB01 | F74: 3 | G74: Acecook | H74: 45756 | I74: Offline | J74: 7 | L74: Satori | M74: 45757 | N74: Offline | O74: 9.5 | Q74: Yakult | R74: 45803 | S74: Offline | T74: 8
A75: 69 | B75: 2022222221 | C75: Trần Huỳnh Phúc | D75: Lâm | E75: 13DHDB01 | F75: 2 | G75: Acecook | H75: 45744 | I75: Offline | J75: 8 | L75: Yakult | M75: 45776 | N75: Offline | O75: 9.5
A76: 70 | B76: 2022222260 | C76: Nguyễn Thị Kim | D76: Liên | E76: 13DHDB01 | F76: 5 | G76: Yakult | H76: 45645 | I76: Offline | J76: 6 | L76: Acecook | M76: 45728 | N76: Offline | O76: 8 | Q76: Yakult | R76: 45786 | S76: Offline | T76: 8 | V76: Heineken | W76: 45800 | X76: Offline | Y76: 9 | AA76: Acecook | AB76: 45631 | AC76: Offline | AD76: 7.5
A77: 71 | B77: 2022222480 | C77: Phan Vĩnh | D77: Lộc | E77: 13DHDB01 | F77: 0
A78: 72 | B78: 2022222474 | C78: Võ Thiện | D78: Lộc | E78: 13DHDB01 | F78: 3 | G78: Acecook | H78: 45749 | I78: Offline | J78: 9.5 | L78: Yakult | M78: 45786 | N78: Offline | O78: 9 | Q78: Heineken | R78: 45800 | S78: Offline | T78: 9
A79: 73 | B79: 2022222537 | C79: Nguyễn Cẩm | D79: Ly | E79: 13DHDB01 | F79: 3 | G79: Acecook | H79: 45728 | I79: Offline | J79: 8.5 | L79: Satori | M79: 45783 | N79: Offline | O79: 9 | Q79: Acecook | R79: 45448 | S79: Offline | T79: 5
A80: 74 | B80: 2022222669 | C80: Đỗ Thị Hồng | D80: Mơ | E80: 13DHDB01 | F80: 2 | G80: Yakult | H80: 45629 | I80: Offline | J80: 8.5 | L80: Acecook | M80: 45742 | N80: Offline | O80: 8
A81: 75 | B81: 2022222721 | C81: Nguyễn Trà | D81: My | E81: 13DHDB01 | F81: 2 | G81: Acecook | H81: 45728 | I81: Offline | J81: 9.5 | L81: Yakult | M81: 45787 | N81: Offline | O81: 9.5
A82: 76 | B82: 2022222838 | C82: Trần Diễm Quỳnh | D82: Nga | E82: 13DHDB01 | F82: 2 | G82: Yakult | H82: 45629 | I82: Offline | J82: 8.5 | L82: Acecook | M82: 45631 | N82: Offline | O82: 9.5
A83: 77 | B83: 2022222952 | C83: Nguyễn Thị Kim | D83: Ngân | E83: 13DHDB01 | F83: 2 | G83: Acecook | H83: 45631 | I83: Offline | J83: 7.5 | L83: Yakult | M83: 45786 | N83: Offline | O83: 7
A84: 78 | B84: 2022222956 | C84: Phạm Vũ Kim | D84: Ngân | E84: 13DHDB01 | F84: 2 | G84: Acecook | H84: 45721 | I84: Offline | J84: 6.5 | L84: Yakult | M84: 45776 | N84: Offline | O84: 6.5
A85: 79 | B85: 2022222954 | C85: Phan Thị Kim | D85: Ngân | E85: 13DHDB01 | F85: 4 | G85: Kewpie | H85: 45405 | I85: Offline | J85: 6 | L85: Acecook | M85: 45728 | N85: Offline | O85: 9 | Q85: Yakult | R85: 45786 | S85: Offline | T85: 8.5 | V85: Acecook | W85: 45471 | X85: Offline | Y85: 5
A86: 80 | B86: 2022222955 | C86: Đặng Thị Thu | D86: Ngân | E86: 13DHDB01 | F86: 2 | G86: Acecook | H86: 45721 | I86: Offlie | J86: 7 | L86: Yakult | M86: 45776 | N86: Offline | O86: 7
A87: 81 | B87: 2022223013 | C87: Nguyễn Ngọc Xuân | D87: Nghi | E87: 13DHDB01 | F87: 3 | G87: Acecook | H87: 45721 | I87: Offline | J87: 8 | L87: Satori | M87: 45785 | N87: Offline | O87: 9.5 | Q87: Yakult | R87: 45798 | S87: Offline | T87: 9 | U87: 0.5
A88: 82 | B88: 2022223101 | C88: Đào Minh Bảo | D88: Ngọc | E88: 13DHDB01 | F88: 2 | G88: Acecook | H88: 45749 | I88: Offline | J88: 8 | L88: Yakult | M88: 45776 | N88: Offline | O88: 9.5
A89: 83 | B89: 2022223171 | C89: Nguyễn Hoàng Thảo | D89: Nguyên | E89: 13DHDB01 | F89: 2 | G89: Acecook | H89: 45749 | I89: Offline | J89: 8 | L89: Yakult | M89: 45776 | N89: Offline | O89: 9
A90: 84 | B90: 2022223260 | C90: Nguyễn Hữu | D90: Nhân | E90: 13DHDB01 | F90: 3 | G90: Kewpie | H90: 45356 | I90: Offline | J90: 3 | L90: Heineken | M90: 45800 | N90: Offline | O90: 8 | Q90: Yakult | R90: 45803 | S90: Offline | T90: 8.5
A91: 85 | B91: 2022223251 | C91: Nguyễn Trọng | D91: Nhân | E91: 13DHDB01 | F91: 3 | G91: Acecook | H91: 45721 | I91: Offline | J91: 8 | L91: Satori | M91: 45785 | N91: Offline | O91: 9.5 | Q91: Yakult | R91: 45798 | S91: Offline | T91: 9 | U91: 0.5
A92: 86 | B92: 2022223409 | C92: Nguyễn Kiều | D92: Nhi | E92: 13DHDB01 | F92: 4 | G92: Acecook | H92: 45471 | I92: Offline | J92: 7.5 | L92: Kewpie | M92: 45356 | N92: Offline | O92: 8.5 | Q92: Acecook | R92: 45791 | S92: Offline | T92: 8 | V92: Yakult | W92: 45803 | X92: Offline | Y92: 8
A93: 87 | B93: 2022223453 | C93: Huỳnh Thị Cẩm | D93: Nhung | E93: 13DHDB01 | F93: 2 | G93: Acecook | H93: 45631 | I93: Offline | J93: 8 | L93: Yakult | M93: 45776 | N93: Offline | O93: 9.5
A94: 88 | B94: 2022223529 | C94: Nguyễn Bảo | D94: Như | E94: 13DHDB01 | F94: 4 | G94: Acecook | H94: 45471 | I94: Offline | J94: 6 | L94: Acecook | M94: 45631 | N94: Offline | O94: 7 | Q94: Kewpie | R94: 45356 | S94: Offline | T94: 8.5 | V94: Kewpie | W94: 45797 | X94: Offline | Y94: 8.5
A95: 89 | B95: 2022223634 | C95: Lê Công Tiến | D95: Phát | E95: 13DHDB01 | F95: 2 | G95: Acecook | H95: 45744 | I95: Offline | J95: 7.5 | L95: Satori | M95: 45785 | N95: Offline | O95: 9
A96: 90 | B96: 2022223957 | C96: Lê Anh | D96: Quân | E96: 13DHDB01 | F96: 4 | G96: Acecook | H96: 45756 | I96: Offline | J96: 7 | L96: Acecook | M96: 45791 | N96: Offline | O96: 8 | Q96: Kewpie | R96: 45797 | S96: Offline | T96: 9 | V96: Heineken | W96: 45800 | X96: Offline | Y96: 9.5
A97: 91 | B97: 2022224110 | C97: Trần Như | D97: Quỳnh | E97: 13DHDB01 | F97: 4 | G97: Acecook | H97: 45721 | I97: Offline | J97: 7.5 | L97: Satori | M97: 45757 | N97: Offline | O97: 9 | Q97: Heineken | R97: 45800 | S97: Offline | T97: 8.5 | V97: Yakult | W97: 45776 | X97: Offline | Y97: 8.5
A98: 92 | B98: 2022224187 | C98: Nguyễn Trần Thái | D98: Sơn | E98: 13DHDB01 | F98: 2 | G98: Acecook | H98: 45728 | I98: Offline | J98: 9 | L98: Yakult | M98: 45776 | N98: Offline | O98: 8.5
A99: 93 | B99: 2022224567 | C99: Trần Sơn | D99: Tùng | E99: 13DHDB01 | F99: 3 | G99: Acecook | H99: 45749 | I99: Offline | J99: 9.5 | L99: Yakult | M99: 45798 | N99: Offline | O99: 8 | Q99: Heineken | R99: 45800 | S99: Offline | T99: 9
A100: 94 | B100: 2022224892 | C100: Nguyễn Ngọc Mai | D100: Thi | E100: 13DHDB01 | F100: 3 | G100: Acecook | H100: 45721 | I100: Offline | J100: 8.5 | L100: Satori | M100: 45757 | N100: Offline | O100: 9.5 | Q100: Yakult | R100: 45787 | S100: Offline | T100: 9.5 | U100: 0.5
A101: 95 | B101: 2022225134 | C101: Võ Ngọc Phương | D101: Thúy | E101: 13DHDB01 | F101: 2 | G101: Acecook | H101: 45631 | I101: Offline | J101: 9 | L101: Yakult | M101: 45776 | N101: Offline | O101: 9.5
A102: 96 | B102: 2022225251 | C102: Ngô Ngọc Kim | D102: Thư | E102: 13DHDB01 | F102: 2 | G102: Acecook | H102: 45728 | I102: Offline | J102: 8.5 | L102: Yakult | M102: 45776 | N102: Offline | O102: 9
...

Sheet Nộp báo cáo
A1: Dữ liệu xuất lúc 8h00 ngày 12/6/2025
A2: MSSV | B2: =IFERROR(__xludf.DUMMYFUNCTION("""COMPUTED_VALUE"""),"Họ và tên") -> Họ và tên | C2: =IFERROR(__xludf.DUMMYFUNCTION("""COMPUTED_VALUE"""),"Lớp") -> Lớp | D2: =IFERROR(__xludf.DUMMYFUNCTION("""COMPUTED_VALUE"""),"Giảng viên hướng dẫn") -> Giảng viên hướng dẫn | E2: =IFERROR(__xludf.DUMMYFUNCTION("""COMPUTED_VALUE"""),"Tên nhà máy") -> Tên nhà máy | F2: =IFERROR(__xludf.DUMMYFUNCTION("""COMPUTED_VALUE"""),"Loại hình chuyến TQNM") -> Loại hình chuyến TQNM | G2: =IFERROR(__xludf.DUMMYFUNCTION("""COMPUTED_VALUE"""),"Hình thức tham quan nhà máy") -> Hình thức tham quan nhà máy
A3: 2041222734 | B3: Đỗ Ngọc Ái Mỹ | C3: 13DHQTTP03 | D3: Đỗ Mai Nguyên Phương | E3: CÔNG TY CỔ PHẦN ĐẦU TƯ VÀ THƯƠNG MẠI SATORI | F3: do Trường tổ chức | G3: trực tiếp (offline)
A4: 2041222734 | B4: Đỗ Ngọc Ái Mỹ | C4: 13DHQTTP03 | D4: Đỗ Mai Nguyên Phương | E4: Công ty TNHH Ajinomoto Việt Nam - Nhà máy Long Thành | F4: do Trường tổ chức | G4: trực tuyến (online)
A5: 2041220829 | B5: Đỗ Ngọc Thuỳ Dương | C5: 13DHQTTP03 | D5: Đỗ Mai Nguyên Phương | E5: Công ty TNHH Aeon Việt Nam | F5: do Trường tổ chức | G5: trực tiếp (offline)
A6: 2041220829 | B6: Đỗ Ngọc Thuỳ Dương | C6: 13DHQTTP03 | D6: Đỗ Mai Nguyên Phương | E6: Công ty TNHH Ajinomoto Việt Nam - Nhà máy Long Thành | F6: do Trường tổ chức | G6: trực tuyến (online)
A7: 2041220829 | B7: Đỗ Ngọc Thuỳ Dương | C7: 13DHQTTP03 | D7: Đỗ Mai Nguyên Phương | E7: Công ty TNHH Yakult Việt Nam | F7: do Trường tổ chức | G7: trực tiếp (offline)
A8: 2041224117 | B8: Đỗ Như Quỳnh | C8: 13DHQTTP02 | D8: Đỗ Mai Nguyên Phương | E8: Công ty TNHH Yakult Việt Nam | F8: do Trường tổ chức | G8: trực tiếp (offline)
A9: 2041224117 | B9: Đỗ Như Quỳnh | C9: 13DHQTTP02 | D9: Đỗ Mai Nguyên Phương | E9: CHI NHÁNH CTY CP TIẾN ĐỒNG - NHÀ MÁY BIA VINAKEN | F9: tự do | G9: trực tiếp (offline)
A10: 2041224117 | B10: Đỗ Như Quỳnh | C10: 13DHQTTP02 | D10: Đỗ Mai Nguyên Phương | E10: Công ty TNHH Ajinomoto Việt Nam - Nhà máy Long Thành | F10: do Trường tổ chức | G10: trực tuyến (online)
A11: 2041225111 | B11: Đỗ Thị Bích Thủy | C11: 13DHQTTP03 | D11: Đỗ Mai Nguyên Phương | E11: Công ty TNHH Yakult Việt Nam | F11: do Trường tổ chức | G11: trực tiếp (offline)
A12: 2041225111 | B12: Đỗ Thị Bích Thủy | C12: 13DHQTTP03 | D12: Đỗ Mai Nguyên Phương | E12: Công ty TNHH Ajinomoto Việt Nam - Nhà máy Long Thành | F12: do Trường tổ chức | G12: trực tuyến (online)
A13: 2041225111 | B13: Đỗ Thị Bích Thủy | C13: 13DHQTTP03 | D13: Đỗ Mai Nguyên Phương | E13: Công ty CP Acecook Việt Nam | F13: do Trường tổ chức | G13: trực tiếp (offline)
A14: 2041222515 | B14: Hồ Hải Lưu | C14: 13DHQTTP03 | D14: Đỗ Mai Nguyên Phương | E14: Công ty CP Acecook Việt Nam | F14: do Trường tổ chức | G14: trực tiếp (offline)
... A743: 2041224495 | B743: Nguyễn Thanh Tú | C743: 13DHQTTP03 | D743: Huỳnh Thị Lê Dung | E743: Công ty TNHH Kewpie Việt Nam | F743: do Trường tổ chức | G743: trực tiếp (offline)
A744: 2041224495 | B744: Nguyễn Thanh Tú | C744: 2041224495 | D744: Huỳnh Thị Lê Dung | E744: Công ty TNHH Ajinomoto Việt Nam - Nhà máy Long Thành | F744: do Trường tổ chức | G744: trực tuyến (online)
A745: 2041221449 | B745: Nguyễn Thị Hoa | C745: 13DHQTTP04 | D745: Huỳnh Thị Lê Dung | E745: Công ty CP Acecook Việt Nam | F745: do Trường tổ chức | G745: trực tiếp (offline)
A746: 2041221449 | B746: Nguyễn Thị Hoa | C746: 13DHQTTP04 | D746: Huỳnh Thị Lê Dung | E746: Công ty TNHH Yakult Việt Nam | F746: do Trường tổ chức | G746: trực tiếp (offline)
A747: 2041226245 | B747: Nguyễn Thị Ngọc Trăm | C747: 13DHQTTP04 | D747: Huỳnh Thị Lê Dung | E747: Công ty TNHH Aeon Việt Nam | F747: do Trường tổ chức | G747: trực tiếp (offline)
A748: 2041226245 | B748: Nguyễn Thị Ngọc Trăm | C748: 13DHQTTP04 | D748: Huỳnh Thị Lê Dung | E748: Công ty TNHH Yakult Việt Nam | F748: do Trường tổ chức | G748: trực tiếp (offline)
A749: 2041226245 | B749: Nguyễn Thị Ngọc Trăm | C749: 13DHQTTP04 | D749: Huỳnh Thị Lê Dung | E749: Công ty TNHH Ajinomoto Việt Nam - Nhà máy Long Thành | F749: do Trường tổ chức | G749: trực tuyến (online)
A750: 2041224116 | B750: Nguyễn Thị Như Quỳnh | C750: 13DHQTTP04 | D750: Huỳnh Thị Lê Dung | E750: Công ty TNHH Yakult Việt Nam | F750: do Trường tổ chức | G750: trực tiếp (offline)
A751: 2041224116 | B751: Nguyễn Thị Như Quỳnh | C751: 13DHQTTP04 | D751: Huỳnh Thị Lê Dung | E751: CÔNG TY CỔ PHẦN ĐẦU TƯ VÀ THƯƠNG MẠI SATORI | F751: do Trường tổ chức | G751: trực tiếp (offline)
A752: 2041224116 | B752: Nguyễn Thị Như Quỳnh | C752: 13DHQTTP04 | D752: Huỳnh Thị Lê Dung | E752: Công ty TNHH Ajinomoto Việt Nam - Nhà máy Long Thành | F752: do Trường tổ chức | G752: trực tuyến (online)
A753: 2041224139 | B753: Nguyễn Thị Thang Sang | C753: 13DHQTTP04 | D753: Huỳnh Thị Lê Dung | E753: Công ty TNHH Yakult Việt Nam | F753: do Trường tổ chức | G753: trực tiếp (offline)
A754: 2041224139 | B754: Nguyễn Thị Thanh Sang | C754: 13DHQTTP04 | D754: Huỳnh Thị Lê Dung | E754: Công ty TNHH Aeon Việt Nam | F754: do Trường tổ chức | G754: trực tiếp (offline)
A755: 2041224139 | B755: Nguyễn Thị Thanh Sang | C755: 13DHQTTP04 | D755: Huỳnh Thị Lê Dung | E755: Công ty TNHH Yakult Việt Nam | F755: do Trường tổ chức | G755: trực tiếp (offline)
A756: 2041224139 | B756: Nguyễn Thị Thanh Sang | C756: 13DHQTTP04 | D756: Huỳnh Thị Lê Dung | E756: Công ty TNHH Ajinomoto Việt Nam - Nhà máy Biên Hòa | F756: do Trường tổ chức | G756: trực tuyến (online)
... A1993: 2005230180 | B1993: Vũ Quốc Hoàng | C1993: 14DHTP04 | D1993: Vũ Thị Hường | E1993: CHI NHÁNH CTY CP TIẾN ĐỒNG - NHÀ MÁY BIA VINAKEN | F1993: do Trường tổ chức | G1993: trực tiếp (offline)

Sheet Danh sach kem GV
A1: STT | B1: Mã SV | C1: Họ Và Tên | E1: Ng/Sinh | F1: Tên lớp | G1: GVHD | H1: Ghi chú
A2: 1 | B2: 2022180145 | C2: Vũ Nguyễn Phương | D2: Nhi | E2: 31/10/2000 | F2: 09DHDB2 | G2: Huỳnh Thị Lê Dung
